{"cameraMode":{"drawMode":0,"name":"Shaded","section":"Shading Mode"},"sceneLighting":false,"audioPlay":false,"sceneViewState":{"m_AlwaysRefresh":false,"showFog":true,"showSkybox":false,"showFlares":true,"showImageEffects":true,"showParticleSystems":true,"showVisualEffectGraphs":true,"m_FxEnabled":true},"in2DMode":false,"pivot":{"x":3.5037059783935549,"y":0.9035803079605103,"z":0.15057598054409028},"rotation":{"x":0.06500507891178131,"y":0.68779057264328,"z":-0.06206880509853363,"w":0.7203256487846375},"size":3.6260621547698976,"orthographic":false}